chrom,pos,ref,alt,gene,consequence,vaf,depth,aa_change
1,76179920,T,A,TP53,missense_variant,0.1938137089664277,186,p.Y44V
16,71693200,C,G,KRAS,stop_gained,0.2150976813110635,58,
16,34994616,T,C,EGFR,missense_variant,0.3914605687057534,277,p.F200L
4,213732314,T,A,STK11,missense_variant,0.3603129413887714,321,p.W38A
1,39925109,C,A,KEAP1,missense_variant,0.11517638359626194,68,p.G681F
2,167613401,T,G,RB1,missense_variant,0.1898895040970926,330,p.T672K
1,114592395,T,A,NF1,stop_gained,0.37509577645649367,120,
13,157872949,T,A,TP53,stop_gained,0.15027998239006324,68,
5,4921611,C,A,KRAS,missense_variant,0.2660384915582992,144,p.M53C
15,2090415,C,G,EGFR,missense_variant,0.08845470870762347,64,p.I82S
5,94717830,C,G,STK11,missense_variant,0.40139452203474585,393,p.V462K
4,62824089,T,G,KEAP1,missense_variant,0.30615710915771344,381,p.G522K
22,40322774,C,T,RB1,missense_variant,0.39743879470231475,101,p.D104Y
4,237014945,T,C,NF1,missense_variant,0.33771694836163263,147,p.K511Y
10,39207479,C,G,TP53,missense_variant,0.27635082820043544,193,p.W38G
10,119841580,C,A,KRAS,missense_variant,0.3318954441829186,215,p.N564M
15,147200376,C,T,EGFR,missense_variant,0.36303707580579925,278,p.E350M
15,132067788,C,A,STK11,stop_gained,0.45166072533030865,176,
3,230343242,T,C,KEAP1,stop_gained,0.37147962094178977,136,
8,130303608,C,T,RB1,missense_variant,0.41062429552750324,343,p.V675T
2,20333580,T,A,NF1,missense_variant,0.3645663472226794,148,p.C596W
1,206966182,C,G,GENE0021,missense_variant,0.24819311149069545,133,p.P538D
12,91864920,T,G,GENE0022,synonymous_variant,0.3010207506123701,198,
8,192879333,T,C,GENE0023,synonymous_variant,0.1651338318651182,290,
8,3671183,T,A,GENE0024,missense_variant,0.3972322613118026,299,p.E340T
22,247294117,C,A,GENE0025,3_prime_UTR_variant,0.335615217214272,277,
4,126222648,C,T,GENE0026,synonymous_variant,0.4527522788135356,206,
1,109010977,C,A,GENE0027,missense_variant,0.36191147612779145,135,p.W753A
15,58980218,C,A,GENE0028,synonymous_variant,0.35306143411911284,303,
12,4462910,C,T,GENE0029,synonymous_variant,0.3386885266818024,79,
13,162638113,T,A,GENE0030,missense_variant,0.17204075643099695,303,p.I597M
21,85275664,T,G,GENE0031,synonymous_variant,0.20782667213756315,291,
20,93097080,C,G,GENE0032,stop_gained,0.14232362098213108,226,
9,85807108,C,G,GENE0033,missense_variant,0.3543114480114905,57,p.I798W
15,158077227,C,T,GENE0034,missense_variant,0.4250092282009982,140,p.A490W
16,112603624,C,A,GENE0035,missense_variant,0.30759363702924764,195,p.G144R
13,158808673,C,A,GENE0036,synonymous_variant,0.24680930500060855,394,
18,163069953,C,T,GENE0037,synonymous_variant,0.12218261698673336,366,
11,216833558,C,A,GENE0038,synonymous_variant,0.4798648265373997,277,
13,240419214,C,T,GENE0039,missense_variant,0.11888128437300483,278,p.T589Y
18,159615114,C,G,GENE0040,synonymous_variant,0.3159465396577084,171,
X,122935235,T,C,GENE0041,3_prime_UTR_variant,0.1920829859910419,134,
10,19433592,T,A,GENE0042,stop_gained,0.348620623178154,327,
7,231250715,C,A,GENE0043,synonymous_variant,0.20240496819681017,383,
2,92875547,T,C,GENE0044,synonymous_variant,0.10881327823004698,88,
1,216498680,T,C,GENE0045,missense_variant,0.21569100682411996,367,p.F90P
6,214673200,C,G,GENE0046,synonymous_variant,0.39344567238393,235,
1,190152193,C,A,GENE0047,missense_variant,0.24813213199016704,190,p.K683M
9,195123032,C,T,GENE0048,synonymous_variant,0.2831580979689907,348,
3,69431437,C,A,GENE0049,missense_variant,0.12433059790390757,286,p.H365R
10,202050469,C,A,GENE0050,synonymous_variant,0.188598016621853,236,
4,30716450,C,A,GENE0051,synonymous_variant,0.11646089560927074,251,
2,98699904,T,A,GENE0052,missense_variant,0.2723912506478023,86,p.I75C
9,51292780,C,T,GENE0053,synonymous_variant,0.3365476376067609,358,
8,112977780,T,A,GENE0054,synonymous_variant,0.1791218586761277,197,
X,71850677,T,A,GENE0055,missense_variant,0.09471738919922412,361,p.W251M
X,185837169,C,G,GENE0056,missense_variant,0.393618487763712,349,p.F246H
5,39704949,C,T,GENE0057,synonymous_variant,0.19925515596988702,137,
19,146669180,C,A,GENE0058,3_prime_UTR_variant,0.4112542600624077,324,
14,168974771,C,A,GENE0059,synonymous_variant,0.15495775152820274,214,
5,43627956,C,T,GENE0060,3_prime_UTR_variant,0.357057975342535,246,
18,128670283,C,T,GENE0061,3_prime_UTR_variant,0.4276026826569945,308,
3,74118974,C,T,GENE0062,synonymous_variant,0.3318180777815598,64,
7,129505862,T,A,GENE0063,missense_variant,0.36774696744046487,272,p.I624C
21,174849241,C,T,GENE0064,synonymous_variant,0.40792744796371117,130,
10,38719655,C,T,GENE0065,missense_variant,0.32824609429796797,50,p.D411G
12,8282720,C,T,GENE0066,stop_gained,0.3624523808891011,166,
13,65826787,C,A,GENE0067,synonymous_variant,0.26596310773140386,352,
16,84004768,C,A,GENE0068,missense_variant,0.41836586202306136,129,p.L374V
17,48647956,C,G,GENE0069,3_prime_UTR_variant,0.3706164504535774,102,
3,3305685,C,A,GENE0070,missense_variant,0.4203504140972235,297,p.P385F
3,142733800,C,G,GENE0071,missense_variant,0.28700822967271855,148,p.V431P
11,224279222,T,C,GENE0072,3_prime_UTR_variant,0.1805725645835327,320,
13,114159900,C,A,GENE0073,synonymous_variant,0.26925842010360657,306,
19,37972759,C,A,GENE0074,missense_variant,0.20212728121020265,161,p.M337P
8,205995708,C,A,GENE0075,missense_variant,0.29081944351429084,77,p.R140Q
17,211464416,C,A,GENE0076,stop_gained,0.2479610300147806,297,
4,148863806,C,T,GENE0077,synonymous_variant,0.39013986384488897,71,
4,198796514,C,T,GENE0078,missense_variant,0.17744014440917014,227,p.N794N
14,97655549,T,A,GENE0079,synonymous_variant,0.1822106189052099,94,
4,155826215,C,T,GENE0080,synonymous_variant,0.34269508716737435,96,
7,86531895,C,G,GENE0081,synonymous_variant,0.17386576812524362,282,
4,58588854,T,C,GENE0082,synonymous_variant,0.18194566034507298,114,
13,131788883,C,A,GENE0083,synonymous_variant,0.24436655558025328,188,
7,189847137,C,A,GENE0084,synonymous_variant,0.1640446701494551,379,
1,9757282,C,A,GENE0085,missense_variant,0.3548021129294695,328,p.S712Q
10,40843435,T,A,GENE0086,missense_variant,0.3230285499454213,288,p.Q167W
20,245899014,C,T,GENE0087,synonymous_variant,0.27416727755147347,369,
15,219713067,C,A,GENE0088,synonymous_variant,0.37411945722874396,278,
17,133951679,C,T,GENE0089,3_prime_UTR_variant,0.3236109617554143,324,
17,216527562,C,A,GENE0090,missense_variant,0.16368689974884798,200,p.R370A
5,244826933,T,A,GENE0091,stop_gained,0.46768455133505404,270,
10,157038041,C,G,GENE0092,synonymous_variant,0.22256427874223944,161,
1,150841914,C,G,GENE0093,missense_variant,0.15551249085493954,168,p.I296I
18,33646064,C,A,GENE0094,missense_variant,0.40124829487180746,58,p.Y584F
5,25632201,C,T,GENE0095,missense_variant,0.18419905016572272,217,p.F780E
12,15204543,C,G,GENE0096,synonymous_variant,0.39394321423236195,213,
3,239873754,C,A,GENE0097,missense_variant,0.08540268733440447,131,p.G116G
8,191436084,C,A,GENE0098,3_prime_UTR_variant,0.19127799197550904,264,
X,89355729,T,G,GENE0099,missense_variant,0.39444583335843536,383,p.F446K
3,204307030,T,G,GENE0100,missense_variant,0.15211355562523926,346,p.C210L
4,27560217,T,A,GENE0101,missense_variant,0.3368841020262229,348,p.T303T
10,28637536,C,A,GENE0102,3_prime_UTR_variant,0.2594138053574631,316,
10,31043178,T,G,GENE0103,missense_variant,0.11614917775148859,112,p.T497E
15,103978414,T,A,GENE0104,synonymous_variant,0.3488916149872871,96,
20,144002529,T,A,GENE0105,missense_variant,0.4064706703562861,356,p.H203G
4,10100064,C,G,GENE0106,synonymous_variant,0.15142753904016312,379,
7,123161370,C,A,GENE0107,synonymous_variant,0.4006896158595107,176,
4,90569747,C,A,GENE0108,3_prime_UTR_variant,0.23826537677735884,93,
4,41730642,T,G,GENE0109,missense_variant,0.32245677454072164,356,p.A310D
4,229295253,C,G,GENE0110,synonymous_variant,0.404538335449691,389,
10,132629192,C,A,GENE0111,stop_gained,0.2334702812073612,236,
19,185662043,C,A,GENE0112,3_prime_UTR_variant,0.4025884300470492,288,
8,140228606,C,T,GENE0113,synonymous_variant,0.3557984934213662,67,
2,187958807,C,A,GENE0114,3_prime_UTR_variant,0.2608437199249304,235,
11,72513226,T,C,GENE0115,missense_variant,0.31176291738992173,273,p.V59I
11,199671958,T,A,GENE0116,synonymous_variant,0.3746909034688712,95,
4,230541260,T,A,GENE0117,synonymous_variant,0.3279206183689364,156,
16,164899993,C,G,GENE0118,missense_variant,0.4031684903016344,259,p.N150C
16,246559697,C,T,GENE0119,stop_gained,0.30978654509546255,346,
18,187655036,C,T,GENE0120,synonymous_variant,0.16486901202647766,110,
7,90935215,C,T,GENE0121,synonymous_variant,0.44574039357529527,381,
21,140892913,C,A,GENE0122,3_prime_UTR_variant,0.1860588974649731,165,
10,48184291,C,G,GENE0123,synonymous_variant,0.3592763467082071,276,
6,32325947,C,A,GENE0124,synonymous_variant,0.4135039621101095,306,
16,76953133,C,T,GENE0125,synonymous_variant,0.4521152395593122,56,
22,215296969,C,G,GENE0126,missense_variant,0.3289477419660839,354,p.G615D
7,71596670,C,A,GENE0127,missense_variant,0.1958023935322143,386,p.M441R
18,238277694,C,A,GENE0128,synonymous_variant,0.18180299633988978,72,
8,179780951,C,T,GENE0129,missense_variant,0.354981946130155,391,p.M326R
21,240649674,C,A,GENE0130,stop_gained,0.42028393196212505,263,
8,81231702,T,G,GENE0131,synonymous_variant,0.41492831726857526,334,
8,202477145,C,T,GENE0132,stop_gained,0.207129723164598,135,
22,244572903,C,G,GENE0133,synonymous_variant,0.16979657077805754,86,
12,156930673,C,T,GENE0134,missense_variant,0.387492120699364,209,p.H213L
14,91271467,C,A,GENE0135,stop_gained,0.35717644278876387,193,
14,42757180,T,G,GENE0136,synonymous_variant,0.326401872385489,97,
20,59396168,C,T,GENE0137,synonymous_variant,0.12426915184660364,98,
11,249653769,T,A,GENE0138,synonymous_variant,0.39133930230545677,190,
15,219555950,C,A,GENE0139,missense_variant,0.19218762402008238,376,p.N634F
7,119568103,C,T,GENE0140,stop_gained,0.11009451701005746,359,
14,44912738,C,T,GENE0141,synonymous_variant,0.3501955550171917,153,
16,199322052,T,G,GENE0142,missense_variant,0.2413146477824475,278,p.Q584D
X,80794899,C,T,GENE0143,missense_variant,0.4107049588556312,161,p.I541S
9,81612817,C,T,GENE0144,synonymous_variant,0.14027002724374724,325,
10,81064874,C,A,GENE0145,synonymous_variant,0.1664162808156354,127,
21,67585397,C,G,GENE0146,missense_variant,0.23668402393783508,100,p.H431G
2,127997421,C,T,GENE0147,synonymous_variant,0.34250933308577414,68,
3,9674749,C,G,GENE0148,missense_variant,0.26856706211338416,59,p.D61V
7,205958027,C,A,GENE0149,missense_variant,0.3457073661911679,198,p.I441R
14,65105537,T,C,GENE0150,synonymous_variant,0.17556017761437495,300,
11,77981964,T,G,GENE0151,synonymous_variant,0.35284145844719433,178,
X,30608676,C,A,GENE0152,missense_variant,0.3607877043559715,65,p.T58I
17,247606725,C,T,GENE0153,synonymous_variant,0.3519258486608558,371,
10,46725807,C,A,GENE0154,missense_variant,0.05745639357299566,356,p.P184L
16,236698390,C,T,GENE0155,synonymous_variant,0.13074209838445866,151,
9,207308184,C,A,GENE0156,missense_variant,0.15941252911576753,375,p.P303L
15,65785979,C,T,GENE0157,stop_gained,0.3757574734168995,171,
13,40281157,T,A,GENE0158,missense_variant,0.40087359793710076,184,p.L455P
16,211227476,T,A,GENE0159,stop_gained,0.3111806250461026,73,
18,161926399,C,A,GENE0160,synonymous_variant,0.37295060512777906,340,
11,210277687,T,G,GENE0161,synonymous_variant,0.47668967425940934,377,
11,49676140,C,A,GENE0162,missense_variant,0.25424593933669254,195,p.F92K
12,44858436,C,A,GENE0163,missense_variant,0.3474718189797204,170,p.I202C
13,89985036,C,T,GENE0164,missense_variant,0.42433795272023694,330,p.V35W
17,25857933,C,G,GENE0165,synonymous_variant,0.28946906600098027,192,
3,50592950,T,C,GENE0166,synonymous_variant,0.2445281881160587,348,
4,249172625,T,C,GENE0167,missense_variant,0.40619754770963357,213,p.W78N
22,201741550,C,A,GENE0168,synonymous_variant,0.32386157838645024,235,
12,73155669,T,G,GENE0169,synonymous_variant,0.39635049343946577,389,
11,32885099,C,A,GENE0170,missense_variant,0.41090953573326505,329,p.V34N
14,90309525,C,T,GENE0171,synonymous_variant,0.43224364062272136,182,
22,200712660,C,A,GENE0172,synonymous_variant,0.30203083823471955,376,
X,142415623,T,G,GENE0173,synonymous_variant,0.39509853712596354,179,
8,242588693,C,A,GENE0174,missense_variant,0.4669824020965506,171,p.M581Y
9,215951395,C,A,GENE0175,missense_variant,0.37752205812242084,125,p.M663Y
22,46185298,C,G,GENE0176,3_prime_UTR_variant,0.2568482826958822,259,
20,98728698,T,G,GENE0177,missense_variant,0.14881996553708937,265,p.A749Q
22,141104335,T,C,GENE0178,stop_gained,0.4396809285928189,133,
12,51567175,T,A,GENE0179,missense_variant,0.392522315013038,213,p.V704Y
9,212871984,T,C,GENE0180,synonymous_variant,0.35804730449475314,247,
4,124651029,T,C,GENE0181,3_prime_UTR_variant,0.4222741554240927,327,
20,213025762,C,T,GENE0182,synonymous_variant,0.38267408134109504,115,
3,26175435,C,A,GENE0183,synonymous_variant,0.2176927534966841,273,
X,182624814,T,A,GENE0184,synonymous_variant,0.2411002859635714,262,
3,30481371,C,T,GENE0185,missense_variant,0.14624430239282693,297,p.H587V
2,6968618,C,G,GENE0186,synonymous_variant,0.3057472260436282,252,
4,157033017,C,A,GENE0187,missense_variant,0.3018557827330075,283,p.N374Y
13,232940696,T,A,GENE0188,missense_variant,0.4171014451489745,125,p.E86M
22,50488313,C,A,GENE0189,missense_variant,0.2729747403811656,191,p.N524Y
21,221158313,T,G,GENE0190,missense_variant,0.40138981991235667,271,p.F432I
X,120153403,C,A,GENE0191,missense_variant,0.3433857309298962,385,p.M723I
2,78428849,C,A,GENE0192,stop_gained,0.1976313601958586,377,
22,39783660,T,C,GENE0193,synonymous_variant,0.3546447359785879,297,
10,198416909,C,A,GENE0194,missense_variant,0.2933395448395508,205,p.S159M
7,50286101,C,A,GENE0195,synonymous_variant,0.44228174800859366,387,
13,207674775,C,T,GENE0196,3_prime_UTR_variant,0.20024275438178543,269,
3,230802479,T,C,GENE0197,stop_gained,0.3888630683474428,328,
5,242979150,C,A,GENE0198,synonymous_variant,0.05,351,
9,70700872,C,A,GENE0199,missense_variant,0.44243788862052535,176,p.N626R
11,49214391,T,A,GENE0200,missense_variant,0.15287210899440873,375,p.V172G
X,204746730,T,G,GENE0201,3_prime_UTR_variant,0.40877732549999474,126,
1,59853748,C,T,GENE0202,missense_variant,0.36979652424757825,101,p.E127N
9,228199750,C,A,GENE0203,missense_variant,0.3795602655257214,227,p.T691P
15,216170070,C,A,GENE0204,missense_variant,0.24839537253604854,215,p.F331K
15,236477719,C,A,GENE0205,synonymous_variant,0.3691386920890662,198,
5,154495754,C,A,GENE0206,synonymous_variant,0.13442781884313548,162,
19,57932755,C,T,GENE0207,3_prime_UTR_variant,0.21727494532624914,317,
5,205718156,C,A,GENE0208,synonymous_variant,0.3918474305772975,87,
22,109730204,C,T,GENE0209,synonymous_variant,0.11763412651529154,372,
10,243352111,T,A,GENE0210,synonymous_variant,0.4519352741179616,73,
15,13657531,C,T,GENE0211,stop_gained,0.25582200502947017,148,
11,179580807,C,A,GENE0212,synonymous_variant,0.17473879328745645,71,
21,107614295,T,C,GENE0213,synonymous_variant,0.294979454651866,155,
8,109308667,T,A,GENE0214,synonymous_variant,0.14376944742411377,281,
14,106845360,T,A,GENE0215,synonymous_variant,0.18201282510002315,221,
11,133575257,C,A,GENE0216,missense_variant,0.18547426797235436,125,p.I505D
18,56928792,C,A,GENE0217,3_prime_UTR_variant,0.484799937511272,363,
19,39451348,T,G,GENE0218,synonymous_variant,0.40249891706732743,116,
21,182185217,C,G,GENE0219,synonymous_variant,0.13952568405536167,316,
19,120122826,C,A,GENE0220,missense_variant,0.38893704816431635,183,p.D568N
20,176552020,C,T,GENE0221,synonymous_variant,0.3248005682314169,253,
18,203953200,C,T,GENE0222,missense_variant,0.3516852542209497,168,p.I153E
6,117403650,T,G,GENE0223,synonymous_variant,0.2746403826335156,111,
8,46704277,C,A,GENE0224,missense_variant,0.40740641898210983,145,p.V301W
6,135294072,T,G,GENE0225,synonymous_variant,0.24560126311099573,317,
1,216925896,C,A,GENE0226,stop_gained,0.05,341,
21,126565910,C,T,GENE0227,missense_variant,0.4399259918258347,327,p.N386L
12,123491444,C,T,GENE0228,stop_gained,0.4290739874654058,192,
X,28055618,C,A,GENE0229,stop_gained,0.4174611463600427,319,
X,167317784,C,A,GENE0230,synonymous_variant,0.2219961302566399,355,
18,67753191,C,G,GENE0231,missense_variant,0.16816705876740498,398,p.N495G
5,43280193,T,G,GENE0232,3_prime_UTR_variant,0.34378287402958996,317,
10,15791240,C,T,GENE0233,missense_variant,0.1435694757370236,341,p.F651Y
7,230413202,T,G,GENE0234,stop_gained,0.33917124462722126,369,
10,59578840,T,C,GENE0235,missense_variant,0.3218263100103864,51,p.K788K
17,64005652,C,T,GENE0236,synonymous_variant,0.19707543427684013,308,
20,54055658,T,A,GENE0237,3_prime_UTR_variant,0.43143904598727545,359,
1,53000074,C,A,GENE0238,missense_variant,0.40751012480132204,122,p.D322H
18,39902656,C,A,GENE0239,synonymous_variant,0.3307502536137779,180,
11,120374851,T,C,GENE0240,synonymous_variant,0.17130811499526918,96,
X,42037890,T,C,GENE0241,missense_variant,0.3919300395464222,194,p.Y586C
18,242407986,C,A,GENE0242,missense_variant,0.30891181753277136,84,p.K376F
7,48866959,C,T,GENE0243,missense_variant,0.1608099537146127,328,p.P226D
6,69634484,C,T,GENE0244,missense_variant,0.2066064686940719,97,p.K678P
10,64701117,T,C,GENE0245,synonymous_variant,0.38232787366639304,62,
4,53522662,C,T,GENE0246,stop_gained,0.2366026144207089,75,
6,131233325,C,G,GENE0247,synonymous_variant,0.11900621275792392,67,
13,151031173,C,G,GENE0248,synonymous_variant,0.2342257580464983,94,
X,110864464,C,G,GENE0249,synonymous_variant,0.1698109069437726,66,
19,41149228,C,T,GENE0250,missense_variant,0.41241970056193566,312,p.H407Q
12,126779648,T,C,GENE0251,3_prime_UTR_variant,0.34529307194271674,253,
19,62434538,C,G,GENE0252,synonymous_variant,0.16071850092384193,328,
5,84901252,C,A,GENE0253,3_prime_UTR_variant,0.2175898232917728,328,
4,246062130,C,A,GENE0254,synonymous_variant,0.37486689544796836,74,
X,56303545,T,A,GENE0255,missense_variant,0.3800999678207544,82,p.M632P
9,152905256,T,C,GENE0256,synonymous_variant,0.2025010336710916,392,
5,84877279,C,A,GENE0257,stop_gained,0.1982262518996401,381,
1,114408366,C,A,GENE0258,synonymous_variant,0.15310943268214303,127,
11,14747279,C,T,GENE0259,missense_variant,0.353084189856921,344,p.I338W
20,13669302,C,A,GENE0260,stop_gained,0.1722375019097606,128,
18,183955470,T,C,GENE0261,synonymous_variant,0.4005106007839776,359,
19,62179235,C,A,GENE0262,3_prime_UTR_variant,0.39018165893549006,204,
17,27873763,C,A,GENE0263,synonymous_variant,0.19184130583940137,272,
3,112933528,T,G,GENE0264,stop_gained,0.23124608465626995,343,
19,15476067,C,A,GENE0265,3_prime_UTR_variant,0.3743415795135551,172,
4,225820279,C,A,GENE0266,missense_variant,0.1535786934442237,151,p.F115C
5,30907546,C,A,GENE0267,missense_variant,0.47614730970332886,60,p.D427T
17,145479813,C,A,GENE0268,stop_gained,0.18187616161697992,157,
15,110558757,C,A,GENE0269,missense_variant,0.15417446289195835,232,p.E379C
4,105756393,C,A,GENE0270,missense_variant,0.36056834094665907,328,p.S675Q
8,238274374,C,A,GENE0271,synonymous_variant,0.1511501814311233,290,
5,77608701,C,A,GENE0272,3_prime_UTR_variant,0.3412744969243302,89,
7,246234952,C,T,GENE0273,synonymous_variant,0.41143981468051516,249,
11,152973511,C,T,GENE0274,synonymous_variant,0.18352095636636445,266,
16,140331574,C,G,GENE0275,synonymous_variant,0.3274056363550793,288,
11,22591159,C,A,GENE0276,synonymous_variant,0.3341123231291243,319,
6,211513217,C,T,GENE0277,synonymous_variant,0.38360088209585264,340,
13,125299362,T,C,GENE0278,synonymous_variant,0.19484579353680562,385,
13,160869023,T,C,GENE0279,synonymous_variant,0.22045973659265863,260,
16,120916305,C,A,GENE0280,synonymous_variant,0.2143880565799936,388,
X,128767130,C,A,GENE0281,missense_variant,0.4307757608241465,207,p.N10P
10,92254196,C,A,GENE0282,synonymous_variant,0.16371509449631355,319,
X,39416498,C,A,GENE0283,synonymous_variant,0.15784939233792664,118,
8,99426885,C,T,GENE0284,missense_variant,0.38461770191272293,274,p.F725W
12,39943682,C,G,GENE0285,missense_variant,0.08235922349758758,314,p.R236H
6,170872694,C,A,GENE0286,3_prime_UTR_variant,0.4132176837119966,142,
3,132166534,C,G,GENE0287,3_prime_UTR_variant,0.07461553061927984,162,
5,95403890,C,T,GENE0288,synonymous_variant,0.2136897196833879,234,
6,246419654,C,A,GENE0289,synonymous_variant,0.16867727077279307,386,
7,10399272,T,C,GENE0290,synonymous_variant,0.4089330816907583,162,
14,159530899,C,A,GENE0291,missense_variant,0.453913946785803,198,p.H426D
10,47989340,T,G,GENE0292,missense_variant,0.11448516251172804,86,p.S787N
5,6267846,C,A,GENE0293,synonymous_variant,0.3479228639608577,362,
7,172123003,T,C,GENE0294,missense_variant,0.3454033151912695,72,p.A680D
4,130217322,T,G,GENE0295,missense_variant,0.3257694688781881,262,p.L644P
21,32416675,T,G,GENE0296,synonymous_variant,0.41392619757000143,53,
16,38359854,T,C,GENE0297,synonymous_variant,0.35190967282372054,118,
14,239960749,T,A,GENE0298,synonymous_variant,0.4164914394507765,383,
18,90556907,C,T,GENE0299,synonymous_variant,0.41624273357781,218,
17,90404023,T,A,GENE0300,synonymous_variant,0.39333680839883206,56,
15,194385460,C,A,GENE0301,missense_variant,0.2071429112238798,352,p.L500P
16,62145943,C,T,GENE0302,synonymous_variant,0.3509203032859197,106,
10,21717287,C,T,GENE0303,missense_variant,0.15227137971797763,111,p.P744M
1,76602243,T,C,GENE0304,synonymous_variant,0.18161850503635152,373,
17,242580191,C,T,GENE0305,synonymous_variant,0.14097832726777743,326,
2,17609631,C,G,GENE0306,synonymous_variant,0.05,347,
15,143388652,C,T,GENE0307,missense_variant,0.3066907008765229,296,p.R154T
13,118644700,C,A,GENE0308,3_prime_UTR_variant,0.3203802334778783,95,
17,6810293,C,A,GENE0309,synonymous_variant,0.29404194330619765,179,
14,235699531,C,T,GENE0310,stop_gained,0.11249504409367894,279,
9,50750996,C,G,GENE0311,3_prime_UTR_variant,0.33991905796157745,348,
3,65215608,C,A,GENE0312,missense_variant,0.07098168956309055,207,p.C540Q
20,85594250,C,G,GENE0313,synonymous_variant,0.4800481550795077,99,
7,128356523,C,G,GENE0314,stop_gained,0.19076513149707558,167,
1,112150983,C,G,GENE0315,missense_variant,0.1656816932067412,173,p.V554L
7,68420460,C,G,GENE0316,missense_variant,0.20425469342485564,103,p.L120F
11,172815608,C,T,GENE0317,missense_variant,0.3646651356087032,195,p.Q495H
9,82846509,C,A,GENE0318,missense_variant,0.3908636579114312,277,p.H370H
10,191427905,T,G,GENE0319,synonymous_variant,0.3673968592298322,333,
4,6436016,T,G,GENE0320,synonymous_variant,0.341639146573468,308,
3,25190913,C,T,GENE0321,synonymous_variant,0.19158302221182588,323,
6,191197172,C,G,GENE0322,synonymous_variant,0.39519187128187816,144,
22,245792847,C,T,GENE0323,synonymous_variant,0.3467061144439782,393,
13,37539065,T,C,GENE0324,missense_variant,0.4361339127281869,77,p.L91T
12,81651414,C,T,GENE0325,synonymous_variant,0.46885914201288625,56,
4,52664126,T,C,GENE0326,synonymous_variant,0.18796488919148202,68,
2,23584739,C,T,GENE0327,synonymous_variant,0.403830148366199,395,
X,243513982,C,T,GENE0328,synonymous_variant,0.31332628406328994,140,
3,103965672,C,A,GENE0329,3_prime_UTR_variant,0.3560958471123088,349,
6,47434340,T,A,GENE0330,synonymous_variant,0.36015430793811043,247,
5,178877142,C,A,GENE0331,missense_variant,0.33031510614467585,288,p.M290K
9,76562771,T,A,GENE0332,stop_gained,0.3110425374325706,300,
2,143415705,T,C,GENE0333,missense_variant,0.3851128329823708,309,p.A455L
13,31860575,C,A,GENE0334,stop_gained,0.3983225573285775,367,
22,57351487,C,T,GENE0335,3_prime_UTR_variant,0.12535523794506254,262,
12,86043027,C,A,GENE0336,synonymous_variant,0.39898437903069917,323,
5,112898304,T,A,GENE0337,missense_variant,0.40653469690123667,264,p.G41W
3,190104758,C,A,GENE0338,missense_variant,0.38282483459966166,134,p.W309K
9,245074116,T,G,GENE0339,missense_variant,0.40036319468677345,168,p.F169G
18,150274746,C,A,GENE0340,synonymous_variant,0.17523571064930327,396,
22,79330810,T,G,GENE0341,stop_gained,0.1897551986571444,217,
21,43288085,T,C,GENE0342,missense_variant,0.2192344358065843,202,p.C744L
3,231839048,C,T,GENE0343,synonymous_variant,0.0942757052251939,397,
4,9510673,T,A,GENE0344,synonymous_variant,0.15439692903404365,231,
20,87658649,T,C,GENE0345,missense_variant,0.3995227466026941,84,p.Q364L
7,242827209,T,G,GENE0346,missense_variant,0.38313491516183573,187,p.V716W
10,189486197,C,A,GENE0347,missense_variant,0.33954370075294804,164,p.I407A
4,191929010,C,T,GENE0348,stop_gained,0.40111445095626796,173,
X,64923718,C,A,GENE0349,3_prime_UTR_variant,0.16109803541342615,252,
20,42337622,C,T,GENE0350,stop_gained,0.4223152031153865,99,
7,146456375,C,A,GENE0351,missense_variant,0.36339157350804974,173,p.N312R
6,15653285,C,T,GENE0352,missense_variant,0.4268284677928394,228,p.M242G
2,166068188,C,T,GENE0353,stop_gained,0.3262213856928492,140,
5,65899960,C,T,GENE0354,synonymous_variant,0.4138742421045697,163,
11,39916539,C,T,GENE0355,synonymous_variant,0.44505791743260154,319,
22,230318057,T,A,GENE0356,3_prime_UTR_variant,0.29453869480449224,80,
8,79364644,T,C,GENE0357,synonymous_variant,0.32612083761981436,157,
5,138213316,C,T,GENE0358,missense_variant,0.40405143323818277,364,p.N40D
16,26534289,C,T,GENE0359,3_prime_UTR_variant,0.08687576236876024,168,
21,187380102,T,G,GENE0360,missense_variant,0.17390973879733332,378,p.I696M
11,74920252,C,A,GENE0361,missense_variant,0.3300427554334494,282,p.I158E
17,66212197,C,A,GENE0362,missense_variant,0.16924254171144354,292,p.M798S
1,95338121,C,A,GENE0363,synonymous_variant,0.43404281024754354,93,
21,228050708,C,T,GENE0364,synonymous_variant,0.3582899783370557,327,
13,246691266,C,G,GENE0365,synonymous_variant,0.4689160453359911,60,
3,176369496,T,A,GENE0366,stop_gained,0.3475368540194932,313,
14,157608056,C,T,GENE0367,stop_gained,0.18429967403738123,233,
20,12171181,C,G,GENE0368,stop_gained,0.40896409856604665,62,
18,162451023,T,G,GENE0369,missense_variant,0.3261219335566337,296,p.R254F
16,24302153,T,A,GENE0370,missense_variant,0.17549037933113057,146,p.G163Y
4,177337937,C,A,GENE0371,missense_variant,0.2271296810449896,292,p.A67R
15,224860769,C,G,GENE0372,synonymous_variant,0.12817090125651714,51,
5,118438407,C,A,GENE0373,missense_variant,0.43168930839694497,325,p.M452K
7,149943802,C,A,GENE0374,missense_variant,0.061135475413500937,187,p.I12E
18,88677997,C,A,GENE0375,synonymous_variant,0.41042258682148397,338,
12,154250549,T,G,GENE0376,synonymous_variant,0.32547763737247615,371,
18,20989052,C,G,GENE0377,missense_variant,0.2268110066843802,92,p.E115N
10,125001574,C,G,GENE0378,stop_gained,0.3806677795771837,157,
4,184265413,T,A,GENE0379,synonymous_variant,0.21487441559605,199,
13,142368654,C,T,GENE0380,missense_variant,0.40233307576394517,230,p.R759G
1,181212577,T,G,GENE0381,stop_gained,0.5086258718484865,76,
3,75906427,T,A,GENE0382,missense_variant,0.3354989625118199,58,p.L443S
10,71974006,C,T,GENE0383,3_prime_UTR_variant,0.3806687906357931,328,
10,38382259,C,G,GENE0384,synonymous_variant,0.19396207769667811,84,
21,28930332,T,G,GENE0385,synonymous_variant,0.16558572709363406,282,
2,92278684,T,A,GENE0386,missense_variant,0.40097324464266243,293,p.H614G
20,91896764,T,G,GENE0387,synonymous_variant,0.26902628706884735,251,
4,113546827,C,A,GENE0388,missense_variant,0.10237462633499728,292,p.N16D
2,74576454,T,C,GENE0389,synonymous_variant,0.22172627736845288,316,
3,18893679,C,T,GENE0390,synonymous_variant,0.3704964163549628,246,
1,77226979,C,A,GENE0391,missense_variant,0.17118170247553346,258,p.M107I
13,153349351,C,T,GENE0392,stop_gained,0.17813753737239366,258,
9,201637401,C,T,GENE0393,missense_variant,0.3875040565172512,355,p.H432W
13,170792080,C,A,GENE0394,synonymous_variant,0.16238674825251154,371,
12,87771020,C,G,GENE0395,missense_variant,0.3606106022225355,87,p.V745S
3,25473088,T,C,GENE0396,3_prime_UTR_variant,0.2596456044561404,119,
22,181699541,C,A,GENE0397,synonymous_variant,0.3450489073448037,141,
18,15723403,C,G,GENE0398,missense_variant,0.10335675608236462,339,p.W560E
X,15741997,C,G,GENE0399,synonymous_variant,0.23615473152207694,255,
9,249419180,A,A,KEAP1,frameshift_variant,0.24900289402062722,238,
20,143320876,A,A,RB1,frameshift_variant,0.36709626225721204,254,
8,164676156,A,AA,KRAS,frameshift_variant,0.2507248092934171,326,
18,26197148,A,A,NF1,frameshift_variant,0.277142810178448,355,
8,23511611,A,AA,TP53,frameshift_variant,0.40879757144845597,306,
9,148770611,A,AA,RB1,frameshift_variant,0.13383201624437518,206,
1,181106762,A,AA,EGFR,frameshift_variant,0.3280749433388124,67,
9,49063272,AA,A,GENE7,frameshift_variant,0.31865306210132593,394,
6,236232165,A,A,GENE8,frameshift_variant,0.32819778936825256,87,
20,193353945,A,AA,GENE9,frameshift_variant,0.1859217003010876,365,
X,47603472,AA,A,GENE10,frameshift_variant,0.3256090526986573,190,
15,131013220,A,AA,GENE11,frameshift_variant,0.3855474477647798,287,
12,50269150,A,AAAA,GENE12,inframe_insertion,0.38552833351297106,61,
17,70022336,AA,A,GENE13,frameshift_variant,0.2537932607412271,69,
13,195372446,A,A,GENE14,frameshift_variant,0.17260924303754624,274,
6,25091471,A,A,GENE15,frameshift_variant,0.3076311393104073,57,
6,228756651,A,A,GENE16,frameshift_variant,0.4258003465218498,242,
19,92655224,A,AAA,GENE17,frameshift_variant,0.2853413874701583,386,
22,13335810,A,AA,GENE18,frameshift_variant,0.15747043450695786,365,
15,160163952,A,AA,GENE19,frameshift_variant,0.46532215969120844,368,
14,44472791,A,A,GENE20,frameshift_variant,0.3108542265596202,323,
8,127290339,A,A,GENE21,frameshift_variant,0.3198199804396674,66,
X,111630115,A,A,GENE22,frameshift_variant,0.4072527948870506,110,
6,125320783,A,AAAA,GENE23,inframe_insertion,0.27615416534041415,242,
16,248123685,A,A,GENE24,frameshift_variant,0.35875627513987374,58,
19,154799695,A,AA,GENE25,frameshift_variant,0.34870368671250035,286,
14,81458121,A,A,GENE26,frameshift_variant,0.33729637410581503,188,
2,248893269,A,A,GENE27,frameshift_variant,0.3208786314065921,216,
20,93167349,A,AA,GENE28,frameshift_variant,0.462583503416377,240,
22,31450094,A,AA,GENE29,frameshift_variant,0.17596170466126557,174,
2,180805195,A,A,GENE30,frameshift_variant,0.40658815438333884,118,
5,42332234,A,A,GENE31,frameshift_variant,0.339574554038988,273,
21,195273557,A,A,GENE32,frameshift_variant,0.2507725734318533,278,
12,23094888,AA,A,GENE33,frameshift_variant,0.3584192922009413,202,
10,209290132,A,A,GENE34,frameshift_variant,0.28103091513478573,283,
3,36895130,A,AA,GENE35,frameshift_variant,0.3599830483436639,68,
9,76362415,A,AA,GENE36,frameshift_variant,0.351123007234701,360,
2,68513333,A,A,GENE37,frameshift_variant,0.4348004942391148,245,
19,228562270,A,AAAA,GENE38,inframe_insertion,0.4545906868272079,365,
14,233024248,A,AA,GENE39,frameshift_variant,0.3551612915433143,170,
8,15877717,A,A,GENE40,frameshift_variant,0.43787304651534054,150,
20,222052657,A,AA,GENE41,frameshift_variant,0.2547338681612454,134,
11,154173422,A,AA,GENE42,frameshift_variant,0.39743990436430915,123,
20,190236267,A,AAA,GENE43,frameshift_variant,0.3995480374499455,339,
21,85495928,A,AA,GENE44,frameshift_variant,0.2533389926770203,305,
